Case_ID,time,status,mutType,tx
TCGA-HT-7855,19.22,0,R132C,1
TCGA-CS-6666,46.91,0,R132C,1
TCGA-P5-A5F4,7.59,0,R132C,1
TCGA-P5-A5EZ,2.3,0,R132C,1
TCGA-DB-A4XD,39.75,0,R132C,1
TCGA-HT-7693,17.51,0,R132C,1
TCGA-DB-5276,72.86,0,R132C,1
TCGA-DB-A4XF,33.54,0,R132C,1
TCGA-HT-7479,40.31,0,R132C,1
TCGA-DB-A64S,27.43,0,R132C,1
TCGA-FG-8185,14.22,0,R132C,1
TCGA-DU-7304,23.29,1,R132G,1
TCGA-HT-7611,57.56,0,R132G,1
TCGA-DU-5871,18.92,0,R132G,1
TCGA-HT-7482,106.87,0,R132G,1
TCGA-HT-7483,172.63,0,R132G,1
TCGA-EZ-7264,39.45,0,R132H,1
TCGA-HT-7616,0.23,1,R132H,1
TCGA-HT-A5RB,0.1,0,R132H,1
TCGA-DH-A66B,42.02,0,R132H,1
TCGA-DU-7300,61.96,1,R132H,1
TCGA-HW-7487,45.4,0,R132H,1
TCGA-DU-7301,25.89,1,R132H,1
TCGA-DU-7302,60.25,0,R132H,1
TCGA-HW-7486,56.54,0,R132H,1
TCGA-DU-7306,41.95,0,R132H,1
TCGA-HW-7489,41.46,1,R132H,1
TCGA-HT-7620,14.26,0,R132H,1
TCGA-DH-A66F,17.18,0,R132H,1
TCGA-HT-7608,22.04,0,R132H,1
TCGA-FG-6689,14.91,0,R132H,1
TCGA-HT-7609,45.96,0,R132H,1
TCGA-HT-7605,4.57,0,R132H,1
TCGA-HT-7606,17.28,0,R132H,1
TCGA-HT-7607,3.15,1,R132H,1
TCGA-FG-8188,14.95,0,R132H,1
TCGA-FG-8187,20.07,0,R132H,1
TCGA-HW-7490,45.57,0,R132H,1
TCGA-IK-8125,42.74,0,R132H,1
TCGA-FG-8191,32.59,0,R132H,1
TCGA-HW-7495,35.41,0,R132H,1
TCGA-FG-6690,42.51,0,R132H,1
TCGA-HT-A5R5,0.13,0,R132H,1
TCGA-HT-A5R7,20.2,0,R132H,1
TCGA-HT-7610,56.04,0,R132H,1
TCGA-HT-7879,3.68,0,R132H,1
TCGA-DU-A5TU,26.15,0,R132H,1
TCGA-DU-A5TW,24.97,0,R132H,1
TCGA-DU-A5TP,33.25,0,R132H,1
TCGA-DU-A5TS,31.67,0,R132H,1
TCGA-CS-4944,60.05,0,R132H,1
TCGA-CS-4942,43.86,1,R132H,1
TCGA-HT-7880,5.32,0,R132H,1
TCGA-CS-4943,36.33,1,R132H,1
TCGA-HT-7881,35.45,0,R132H,1
TCGA-HT-7884,11.27,0,R132H,1
TCGA-HW-8319,39.72,1,R132H,1
TCGA-HW-A5KL,28.84,0,R132H,1
TCGA-HW-A5KJ,31.6,1,R132H,1
TCGA-DH-5142,63.83,0,R132H,1
TCGA-HW-8320,39.98,0,R132H,1
TCGA-HW-8322,24.9,0,R132H,1
TCGA-HW-8321,42.51,0,R132H,1
TCGA-HW-A5KM,20.7,0,R132H,1
TCGA-HT-7875,0.33,0,R132H,1
TCGA-HT-7877,0.13,0,R132H,1
TCGA-HT-7873,23.59,0,R132H,1
TCGA-HT-7874,37.12,0,R132H,1
TCGA-FG-5965,36.79,1,R132H,1
TCGA-FG-5964,52.17,0,R132H,1
TCGA-FG-5962,47.73,0,R132H,1
TCGA-DH-5143,46.02,0,R132H,1
TCGA-DH-5144,24.57,0,R132H,1
TCGA-CS-6668,49.9,0,R132H,1
TCGA-CS-6667,48.26,0,R132H,1
TCGA-CS-6665,51.51,0,R132H,1
TCGA-DU-5855,6.8,0,R132H,1
TCGA-DU-5853,13.37,0,R132H,1
TCGA-DU-5851,17.44,0,R132H,1
TCGA-DB-5281,78.22,0,R132H,1
TCGA-DB-5280,36.53,0,R132H,1
TCGA-HT-7688,31.67,0,R132H,1
TCGA-HT-7689,14.95,0,R132H,1
TCGA-HT-7684,6.04,0,R132H,1
TCGA-HT-7686,42.71,0,R132H,1
TCGA-HT-7687,0.1,0,R132H,1
TCGA-HT-A4DV,26.02,0,R132H,1
TCGA-HT-7677,16.23,0,R132H,1
TCGA-HT-7676,0.16,0,R132H,1
TCGA-DB-A4X9,46.39,0,R132H,1
TCGA-DU-5874,15.14,0,R132H,1
TCGA-DU-5872,17.48,0,R132H,1
TCGA-DU-5870,182.19,0,R132H,1
TCGA-E1-5322,130.68,1,R132H,1
TCGA-P5-A5F2,7.95,0,R132H,1
TCGA-P5-A5ET,0,0,R132H,1
TCGA-E1-5319,95.5,1,R132H,1
TCGA-FG-A60K,17.81,0,R132H,1
TCGA-P5-A5F0,9.43,0,R132H,1
TCGA-P5-A5F1,5.88,0,R132H,1
TCGA-HT-7468,6.67,0,R132H,1
TCGA-FG-A60J,14.75,0,R132H,1
TCGA-P5-A5EU,0,0,R132H,1
TCGA-P5-A5EV,0.23,0,R132H,1
TCGA-P5-A5EW,6.7,0,R132H,1
TCGA-HT-7467,0.1,0,R132H,1
TCGA-P5-A5EX,7.98,0,R132H,1
TCGA-CS-6290,37.35,1,R132H,1
TCGA-DU-6399,65.7,1,R132H,1
TCGA-IK-7675,18.99,1,R132H,1
TCGA-DU-6397,46.02,1,R132H,1
TCGA-DU-6396,75.1,1,R132H,1
TCGA-E1-5311,134.17,1,R132H,1
TCGA-DU-6395,48.98,1,R132H,1
TCGA-DU-6394,22.4,1,R132H,1
TCGA-DB-A4XB,30.19,0,R132H,1
TCGA-DU-6393,52.07,1,R132H,1
TCGA-DB-A4XC,46.68,0,R132H,1
TCGA-HT-7692,2.96,0,R132H,1
TCGA-DB-A4XE,37.42,0,R132H,1
TCGA-HT-7694,6.9,0,R132H,1
TCGA-E1-5307,57.88,1,R132H,1
TCGA-DB-5275,47.9,0,R132H,1
TCGA-DB-5274,75.2,0,R132H,1
TCGA-DB-A4XH,31.6,0,R132H,1
TCGA-E1-5305,79.93,1,R132H,1
TCGA-DB-5273,81.9,0,R132H,1
TCGA-HT-7690,0.1,0,R132H,1
TCGA-DB-5279,44.48,0,R132H,1
TCGA-DB-5278,91.06,0,R132H,1
TCGA-DB-5277,50.82,1,R132H,1
TCGA-HT-7695,14.52,0,R132H,1
TCGA-DB-A4XA,18.82,0,R132H,1
TCGA-HT-7485,4.01,0,R132H,1
TCGA-HT-7480,75.13,0,R132H,1
TCGA-HT-7481,95.86,0,R132H,1
TCGA-DU-7007,62.91,1,R132H,1
TCGA-DU-7008,156.11,0,R132H,1
TCGA-DU-7009,154.24,1,R132H,1
TCGA-HT-7902,31.41,0,R132H,1
TCGA-FG-A4MY,23.69,0,R132H,1
TCGA-FG-A4MX,18.69,0,R132H,1
TCGA-FG-A4MT,38.24,0,R132H,1
TCGA-DU-7010,14.98,1,R132H,1
TCGA-HT-7471,0.13,0,R132H,1
TCGA-HT-7472,0.03,0,R132H,1
TCGA-HT-7473,16.52,0,R132H,1
TCGA-HT-7474,3.75,0,R132H,1
TCGA-HT-8563,28.25,0,R132H,1
TCGA-DU-7015,90.7,0,R132H,1
TCGA-DU-7018,30.65,1,R132H,1
TCGA-DU-7019,26.28,0,R132H,1
TCGA-HT-7475,17.41,0,R132H,1
TCGA-HT-7477,24.24,0,R132H,1
TCGA-HT-7478,6.37,0,R132H,1
TCGA-DU-6408,113.99,1,R132H,1
TCGA-DU-6407,94.45,1,R132H,1
TCGA-QH-A65S,2.53,0,R132H,1
TCGA-DU-6400,1.22,1,R132H,1
TCGA-QH-A65Z,14.03,0,R132H,1
TCGA-QH-A65V,12.61,0,R132H,1
TCGA-HT-8111,0.23,0,R132H,1
TCGA-HT-8114,34.17,0,R132H,1
TCGA-DU-8163,20.66,0,R132H,1
TCGA-DU-8164,21.39,0,R132H,1
TCGA-DU-8166,16.95,0,R132H,1
TCGA-DU-8167,15.47,0,R132H,1
TCGA-DU-8168,14.16,0,R132H,1
TCGA-FN-7833,27.5,0,R132H,1
TCGA-HT-8106,0.1,0,R132H,1
TCGA-HT-8108,2.5,0,R132H,1
TCGA-HT-8109,5.55,0,R132H,1
TCGA-HT-8105,6.24,0,R132H,1
TCGA-DB-A64L,24.18,0,R132H,1
TCGA-CS-5390,NA,1,R132H,1
TCGA-DB-A64P,30.09,0,R132H,1
TCGA-DB-A64Q,5.98,0,R132H,1
TCGA-DB-A64R,31.37,0,R132H,1
TCGA-E1-5303,67.41,1,R132H,1
TCGA-E1-5304,41.1,1,R132H,1
TCGA-DU-6542,2.4,0,R132H,1
TCGA-E1-5302,50.1,1,R132H,1
TCGA-HT-A61B,17.51,0,R132H,1
TCGA-FG-7641,20.6,0,R132H,1
TCGA-HT-8010,1.64,0,R132H,1
TCGA-FG-8182,13.67,0,R132H,1
TCGA-HT-8012,9.4,0,R132H,1
TCGA-HT-8013,63.5,1,R132H,1
TCGA-FG-8186,16,0,R132H,1
TCGA-HT-8018,37.84,1,R132H,1
TCGA-HT-7601,5.03,0,R132H,1
TCGA-HT-7602,29.83,0,R132H,1
TCGA-CS-5396,53.58,0,R132H,1
TCGA-HT-7603,23.16,0,R132H,1
TCGA-CS-5394,0.26,0,R132H,1
TCGA-CS-5393,40.14,0,R132H,1
TCGA-FG-7634,15.34,0,R132H,1
TCGA-FG-7636,17.87,0,R132H,1
TCGA-FG-7638,22.54,0,R132H,1
TCGA-DU-6410,7.95,0,R132H,1
TCGA-DU-7294,94.25,0,R132H,1
TCGA-HT-A618,16.82,0,R132H,1
TCGA-DU-7298,18.92,1,R132H,1
TCGA-HT-A619,21.39,0,R132H,1
TCGA-DU-7299,43.99,1,R132H,1
TCGA-DB-A64U,27.79,0,R132H,1
TCGA-DB-A64V,29.2,0,R132H,1
TCGA-DB-A64W,14.39,1,R132H,1
TCGA-DB-A64X,18.5,0,R132H,1
TCGA-HT-A614,2.69,0,R132H,1
TCGA-HT-A615,16.92,0,R132H,1
TCGA-HT-A616,1.81,0,R132H,1
TCGA-HT-7858,50.59,0,R132S,1
TCGA-FG-6691,41.29,0,R132S,1
TCGA-HT-7604,122.37,0,R132S,1
TCGA-DU-A5TR,29.83,0,R132S,1
TCGA-HT-7470,40.08,1,R132S,1
TCGA-DU-6401,87.39,1,R132S,1
TCGA-HT-7857,0.23,0,wt,0
TCGA-HT-A5RA,27.33,0,wt,0
TCGA-FG-6692,18.43,1,wt,0
TCGA-HT-A5RC,5.32,1,wt,0
TCGA-HT-7860,0.49,0,wt,0
TCGA-DU-7309,2.76,0,wt,0
TCGA-FG-6688,18.76,0,wt,0
TCGA-FG-8189,22.5,0,wt,0
TCGA-HW-7491,68.27,0,wt,0
TCGA-HT-A5R9,0.07,0,wt,0
TCGA-HT-7854,39.45,0,wt,0
TCGA-HT-7856,39.06,0,wt,0
TCGA-DU-A5TT,24.41,0,wt,0
TCGA-CS-4941,7.69,1,wt,0
TCGA-DU-A5TY,33.94,1,wt,0
TCGA-HT-7882,3.71,1,wt,0
TCGA-HW-A5KK,12.75,1,wt,0
TCGA-DH-5140,19.94,1,wt,0
TCGA-DH-5141,31.8,0,wt,0
TCGA-FG-5963,25.46,1,wt,0
TCGA-HT-A4DS,0.23,0,wt,0
TCGA-DU-5854,8.44,0,wt,0
TCGA-DU-5852,6.73,1,wt,0
TCGA-HT-7680,0.76,0,wt,0
TCGA-HT-7681,44.65,0,wt,0
TCGA-DU-5849,14.55,0,wt,0
TCGA-DU-5847,18,0,wt,0
TCGA-E1-5318,78.15,1,wt,0
TCGA-P5-A5EY,2.37,0,wt,0
TCGA-HT-7469,11.53,1,wt,0
TCGA-CS-6188,26.74,1,wt,0
TCGA-P5-A5F6,1.28,0,wt,0
TCGA-CS-6186,17.67,1,wt,0
TCGA-HT-7691,0.1,0,wt,0
TCGA-DB-A4XG,72.9,0,wt,0
TCGA-DU-7006,11.47,1,wt,0
TCGA-FG-A4MW,18.36,1,wt,0
TCGA-FG-A4MU,10.71,0,wt,0
TCGA-DU-7012,6.54,1,wt,0
TCGA-DU-7013,8.84,1,wt,0
TCGA-HT-8564,15.7,0,wt,0
TCGA-HT-7476,6.54,0,wt,0
TCGA-DU-6405,19.88,1,wt,0
TCGA-DU-6404,133.64,1,wt,0
TCGA-DU-6403,11.63,1,wt,0
TCGA-DU-6402,7.03,1,wt,0
TCGA-HT-8110,13.76,0,wt,0
TCGA-DU-8158,5.09,1,wt,0
TCGA-HT-8113,29.57,0,wt,0
TCGA-DU-8161,23.72,1,wt,0
TCGA-DU-8162,14.59,1,wt,0
TCGA-DU-8165,19.12,0,wt,0
TCGA-HT-8104,12.22,0,wt,0
TCGA-DB-A64O,25.46,1,wt,0
TCGA-HT-A61C,17.64,1,wt,0
TCGA-FG-7643,20.07,0,wt,0
TCGA-HT-8011,16.23,0,wt,0
TCGA-HT-8019,32.98,0,wt,0
TCGA-CS-5397,6.37,1,wt,0
TCGA-CS-5395,20.99,1,wt,0
TCGA-HT-8015,0.1,0,wt,0
TCGA-DU-7290,10.35,1,wt,0
TCGA-DU-7292,7.95,1,wt,0
TCGA-HT-A617,16.13,0,wt,0
